{
  "V10": 0.1557057626711804,
  "V14": 0.1548251276462686,
  "V4": 0.11931562474945386,
  "V12": 0.10046023785111056,
  "V17": 0.07955178968417732,
  "V11": 0.07447886750058591,
  "V3": 0.044835040463139665,
  "V7": 0.04104366616774003,
  "V16": 0.033547766611528446,
  "V2": 0.022506027836505377,
  "V9": 0.019649847076386635,
  "V21": 0.014037695594887958,
  "V19": 0.012153165433888674,
  "V8": 0.010861339309436417,
  "V6": 0.010858624605545158,
  "V18": 0.01085304272847877,
  "Amount": 0.010810151541410337,
  "V5": 0.01058211762654337,
  "V20": 0.010373973103173924,
  "V13": 0.008464139605922872,
  "V26": 0.007947990831864028,
  "V27": 0.007436911541354008,
  "V28": 0.007007556149680787,
  "V1": 0.006474809201768137,
  "V15": 0.006040326760885168,
  "V22": 0.005895279475638535,
  "V23": 0.005267241277078649,
  "V25": 0.004957862002634066,
  "V24": 0.004058014951732341
}