{
  "model": "Random Forest",
  "accuracy": 0.9994,
  "precision": 0.8081,
  "recall": 0.8163,
  "f1_score": 0.8122,
  "roc_auc": 0.9831,
  "confusion_matrix": [
    [
      56845,
      19
    ],
    [
      18,
      80
    ]
  ],
  "test_size": 56962,
  "fraud_in_test": 98,
  "roc_fpr": [
    0.0,
    0.00014068655036578504,
    0.0012837647720877884,
    0.009127039954980303,
    0.015317248171074846,
    0.01904544175576815,
    0.024303601575689365,
    0.028524198086662914,
    0.04243458075407991,
    0.05040095666854249,
    0.056573579065841303,
    0.06828573438379291,
    0.10296496904895892,
    0.1139736916150816,
    0.1267409960607766,
    0.14105585256049522,
    0.15324282498593134,
    0.16006612267867193,
    0.16922833427124367,
    0.17890053460889138,
    0.19029614518851998,
    0.2020962296004502,
    0.21182118739448508,
    0.21961170512099043,
    0.23244935284186832,
    0.238885762521103,
    0.24730936972425435,
    0.25545160382667415,
    0.2609207934721441,
    0.2659327518289252,
    0.2728088069780529,
    0.2778031795160383,
    0.28188308947664603,
    0.2862619583567811,
    0.2937183455261677,
    0.2975168823860439,
    0.30295090039392236,
    0.30694288126055147,
    0.31047763083849184,
    0.31733610016882385,
    0.32273494653911083,
    0.32621693866066404,
    0.33064856499718626,
    0.33710256049521664,
    0.3456844400675295,
    0.3518043050084412,
    0.35664040517726503,
    0.36291854248733824,
    0.3672446539110861,
    0.3743141530669668,
    0.3806450478334271,
    0.384654614518852,
    0.38836522228474957,
    0.39091516601012943,
    0.3961557400112549,
    0.4004466797974114,
    0.4050717501406865,
    0.40994302194710186,
    0.4153066966797974,
    0.42193655036578503,
    0.42620990433314576,
    0.42932259425998875,
    0.4325759707371975,
    0.4366558806978053,
    0.43936409679234667,
    0.44282850309510413,
    0.44624015194147437,
    0.4492121553179516,
    0.4523951885199775,
    0.45677405740011257,
    0.4598515756893641,
    0.46470526167698367,
    0.46797622397298816,
    0.4712647720877884,
    0.4748522791221159,
    0.4772791221159257,
    0.48165799099606077,
    0.4845244794597636,
    0.4869513224535734,
    0.4900640123804164,
    0.49456598199212154,
    0.4990151941474395,
    0.5029895891952729,
    0.5070694991558807,
    0.5126793753517164,
    0.5154579347214406,
    0.51994231851435,
    0.5227736353404615,
    0.5257632245357344,
    0.5280317951603827,
    0.5309862127180641,
    0.5343978615644345,
    0.5391460326392797,
    0.5429093978615644,
    0.5451252110298256,
    0.5484313449634215,
    0.5501899268429938,
    0.5533905458638154,
    0.5562394485087225,
    0.5596686831738886,
    0.5639420371412492,
    0.5665095666854248,
    0.5682505627462014,
    0.5716797974113674,
    0.5745462858750704,
    0.5779227630838492,
    0.5812816544738323,
    0.5844822734946539,
    0.587841164884637,
    0.5915869442881261,
    0.5936444850872257,
    0.5967571750140687,
    0.6005029544175576,
    0.6041432189082724,
    0.6067283342712436,
    0.6098058525604952,
    0.6124085537422622,
    0.6174732695554305,
    0.6207266460326393,
    0.6240327799662352,
    0.6261782498593135,
    0.6282533764772088,
    0.630521947101857,
    0.6332477490151941,
    0.6356218345526168,
    0.6389983117613957,
    0.6410206809229038,
    0.6438344119302195,
    0.647298818232977,
    0.6497432470455824,
    0.6515194147439505,
    0.6538759144625774,
    0.6563027574563872,
    0.6585537422622397,
    0.6616136747326955,
    0.6632667416994935,
    0.6654297974113674,
    0.6674345807540799,
    0.6697910804727069,
    0.6731675576814856,
    0.6747854530106921,
    0.6764561057962859,
    0.6781267585818795,
    0.6806063590320766,
    0.6826990714687676,
    0.6853721159257175,
    0.6874824141812043,
    0.6908940630275746,
    0.6935495216657288,
    0.6967501406865504,
    0.6987373382104671,
    0.7007245357343838,
    0.7021665728756331,
    0.7045406584130557,
    0.7083391952729319,
    0.7113463702870005,
    0.7133863252673045,
    0.7165693584693303,
    0.7195413618458075,
    0.7219506190208216,
    0.7235685143500281,
    0.7254677827799663,
    0.7284749577940349,
    0.7303918120427687,
    0.733926561620709,
    0.73577307259426,
    0.7386571468767585,
    0.7403629712999438,
    0.7426139561057963,
    0.74416150815982,
    0.7469752391671356,
    0.7488745075970737,
    0.7509848058525604,
    0.7527082160945414,
    0.7546778277996623,
    0.7563484805852561,
    0.7582477490151941,
    0.7600590883511537,
    0.7621869724254361,
    0.765246904895892,
    0.7671110016882386,
    0.7689399268429938,
    0.771155740011255,
    0.7728791502532358,
    0.7758335678109173,
    0.7777504220596511,
    0.7794914181204277,
    0.7811268992684299,
    0.7829558244231851,
    0.7856464546989308,
    0.78684229037704,
    0.7879677827799663,
    0.7897791221159257,
    0.7922059651097355,
    0.7938590320765335,
    0.7952483117613957,
    0.7965848339898706,
    0.7985192740574001,
    0.8008406021384356,
    0.8022826392796849,
    0.8042170793472144,
    0.8064504783342712,
    0.8079628587507034,
    0.8101610861001688,
    0.8120075970737197,
    0.8138013505908835,
    0.8151202870005627,
    0.8177054023635341,
    0.8194639842431064,
    0.8208708497467642,
    0.8224008159819921,
    0.8240011254924029,
    0.8269731288688801,
    0.828696539110861,
    0.8304375351716375,
    0.8324950759707372,
    0.8343240011254924,
    0.8355022509848059,
    0.8379818514350028,
    0.8395997467642093,
    0.8410769555430501,
    0.8428355374226224,
    0.8440841305571187,
    0.8461240855374226,
    0.8482695554305009,
    0.8498522791221159,
    0.8511008722566122,
    0.8526132526730444,
    0.8542839054586382,
    0.8559545582442318,
    0.8571679797411368,
    0.858926561620709,
    0.860139983117614,
    0.861722706809229,
    0.8633054305008441,
    0.8648178109172763,
    0.8666291502532358,
    0.8683525604952167,
    0.8693901238041644,
    0.8711838773213281,
    0.8728545301069218,
    0.8750527574563872,
    0.8767761676983681,
    0.8781302757456387,
    0.8802581598199212,
    0.8817705402363534,
    0.8842325548677546,
    0.88630768148565,
    0.8873628306133934,
    0.8887345244794598,
    0.8900710467079347,
    0.891706527855937,
    0.8935530388294879,
    0.8951181767023073,
    0.896401941474395,
    0.8980022509848059,
    0.8992860157568936,
    0.9006752954417557,
    0.9032428249859313,
    0.9043859032076533,
    0.905863111986494,
    0.9074985931344963,
    0.9100485368598762,
    0.9115960889138999,
    0.9129501969611705,
    0.9140229319077097,
    0.9153946257737761,
    0.9166959763646595,
    0.9188414462577378,
    0.9211979459763646,
    0.9231499718626899,
    0.925365785030951,
    0.9270540236353405,
    0.9284608891389983,
    0.9298325830050647,
    0.9314856499718627,
    0.9330683736634777,
    0.9344752391671356,
    0.9356359032076533,
    0.9373593134496342,
    0.9386958356781092,
    0.9400675295441756,
    0.9426350590883511,
    0.944868458075408,
    0.9462401519414744,
    0.9478580472706809,
    0.9494055993247046,
    0.9510586662915025,
    0.9534327518289252,
    0.9549978897017445,
    0.9563871693866066,
    0.959095385481148,
    0.9606253517163759,
    0.9622432470455824,
    0.963667698368036,
    0.9650921496904896,
    0.9666748733821047,
    0.9685213843556556,
    0.9697172200337648,
    0.9713702870005627,
    0.9731816263365223,
    0.9747643500281373,
    0.9763119020821609,
    0.9773318795723129,
    0.9788618458075408,
    0.9819745357343838,
    0.983293472144063,
    0.9848586100168824,
    0.9875316544738323,
    0.989202307259426,
    0.9904509003939224,
    0.9918577658975802,
    0.9934932470455824,
    0.9956387169386607,
    0.9982765897580191
  ],